#CATEGORIE
INSERT INTO  Categorie  ( categorie_id , nom_categorie , age_debut , age_fin ) VALUES (1,"-9ans",1,9),(2,"Poussin",10,11),(3,"Benjamin",12,13),(4,"Minimes",14,15),(5,"Cadets",16,17),(6,"Junior",18,19),(7,"Senior",20,40),(8,"Veteran",40,150);

#VILLE
INSERT INTO  Ville  ( ville_id , nom_ville ) VALUES (1,"Sant Urbano"),(2,"Las Vegas"),(3,"Mornimont"),(4,"Boston"),(5,"Kawerau"),(6,"Oudergem"),(7,"Bonlez"),(8,"Idaho Falls"),(9,"Grafton"),(10,"Bensheim");
INSERT INTO  Ville  ( ville_id , nom_ville ) VALUES (11,"Mount Pearl"),(12,"Bhatinda"),(13,"Santo Stefano Quisquina"),(14,"Canterano"),(15,"Gurgaon"),(16,"Wayaux"),(17,"Boncelles"),(18,"Barmouth"),(19,"Ancaster Town"),(20,"Motherwell");
INSERT INTO  Ville  ( ville_id , nom_ville ) VALUES (21,"Fogo"),(22,"Bonnyville"),(23,"Nanton"),(24,"Morkhoven"),(25,"Bunbury"),(26,"Annapolis"),(27,"Blevio"),(28,"Brecon"),(29,"Fatehpur"),(30,"Zellik");
INSERT INTO  Ville  ( ville_id , nom_ville ) VALUES (31,"Stavoren"),(32,"Evansville"),(33,"Wabamun"),(34,"Sgonico"),(35,"Lamorteau"),(36,"Getafe"),(37,"Massa Martana"),(38,"Pescopagano"),(39,"Lincoln"),(40,"Sovizzo");

#CLUB
INSERT INTO  Club  ( club_id , ville_id ) VALUES (11,23),(12,6),(13,12),(14,19),(15,23),(16,8),(17,33),(18,39),(19,26),(20,19);
INSERT INTO  Club  ( club_id , ville_id ) VALUES (21,32),(22,40),(23,24),(24,35),(25,28),(26,37),(27,2),(28,24),(29,26),(30,2);
INSERT INTO  Club  ( club_id , ville_id ) VALUES (1,13),(2,19),(3,34),(4,1),(5,5),(6,22),(7,4),(8,22),(9,7),(10,7);
INSERT INTO  Club  ( club_id , ville_id ) VALUES (31,9),(32,17),(33,32),(34,24),(35,26),(36,40),(37,26),(38,23),(39,9),(40,36);
INSERT INTO  Club  ( club_id , ville_id ) VALUES (41,15),(42,15),(43,5),(44,13),(45,8),(46,40),(47,20),(48,7),(49,9),(50,26);

#JOUEUR
INSERT INTO  Joueur  ( licence , nom_joueur , prenom_joueur , date_naissance , date_premiere_inscription , club_id , categorie_id ) VALUES (100000,"Dana","Marquez","1984-07-03 04:20:10","2015-03-25 17:33:11",35,5),(100001,"Solomon","Pearson","1996-11-01 15:26:45","2013-12-26 16:47:36",24,3),(100002,"Quinn","Randall","1999-09-01 00:12:32","2011-06-04 21:49:57",13,8),(100003,"Uma","Hurst","1970-07-16 19:21:07","2011-10-16 08:57:05",4,5),(100004,"Zelenia","Mathews","1979-05-29 15:00:16","2010-05-31 09:05:58",26,6),(100005,"Dolan","Holt","1953-03-25 00:32:38","2010-01-31 21:09:20",21,3),(100006,"Zelenia","Burris","1994-10-14 21:26:28","2016-01-24 11:38:40",7,3),(100007,"Trevor","Vega","1961-01-03 20:53:45","2011-09-06 16:55:25",41,6),(100008,"Duncan","Holmes","1958-08-10 20:52:41","2011-05-17 12:50:07",45,5),(100009,"Flynn","Crosby","1960-03-22 20:31:36","2014-07-16 03:33:19",33,7);
INSERT INTO  Joueur  ( licence , nom_joueur , prenom_joueur , date_naissance , date_premiere_inscription , club_id , categorie_id ) VALUES (100010,"Blake","Baxter","1966-02-25 12:16:12","2015-12-24 09:49:26",3,3),(100011,"Yvonne","Padilla","1975-01-01 10:30:48","2014-07-25 06:38:52",4,2),(100012,"Ishmael","Thornton","1988-12-04 21:45:43","2012-10-23 23:09:54",44,3),(100013,"Giselle","Landry","1969-07-24 08:53:38","2010-09-07 18:37:03",21,7),(100014,"Julian","Richardson","1970-11-02 00:59:28","2010-05-03 10:52:09",32,1),(100015,"Gisela","Mclean","1962-04-02 12:45:11","2014-10-19 07:17:12",11,3),(100016,"August","Bell","1976-12-30 08:12:27","2012-04-20 15:39:48",25,4),(100017,"Amanda","Strickland","1987-10-30 03:39:29","2013-02-13 17:42:25",2,6),(100018,"Joshua","Pugh","2008-09-07 07:36:01","2011-11-02 01:41:59",3,6),(100019,"Kylynn","Marsh","2005-03-06 04:17:39","2014-02-13 23:26:23",18,6);
INSERT INTO  Joueur  ( licence , nom_joueur , prenom_joueur , date_naissance , date_premiere_inscription , club_id , categorie_id ) VALUES (100020,"Ralph","Silva","1984-09-20 01:51:30","2014-09-03 03:29:25",20,5),(100021,"Emerald","Montoya","1957-05-07 14:40:36","2014-07-05 07:11:09",35,1),(100022,"Boris","Austin","1988-05-24 08:18:30","2013-06-23 18:18:38",38,3),(100023,"Susan","Oneill","1966-11-08 16:55:39","2012-10-13 03:20:13",12,8),(100024,"Dominique","Stephenson","1983-10-01 05:52:30","2010-01-18 11:26:25",16,3),(100025,"Christen","Brown","1985-05-15 10:34:45","2011-06-10 13:03:28",13,8),(100026,"Amena","Clayton","1975-10-02 19:49:09","2011-04-23 03:38:31",30,3),(100027,"Ifeoma","Bass","1980-04-12 02:15:07","2010-11-26 14:41:25",13,1),(100028,"Kathleen","Winters","1962-02-26 19:48:50","2014-12-08 02:44:25",2,4),(100029,"Blaze","Newton","1995-10-15 07:13:04","2014-03-17 14:45:00",27,5);
INSERT INTO  Joueur  ( licence , nom_joueur , prenom_joueur , date_naissance , date_premiere_inscription , club_id , categorie_id ) VALUES (100030,"Autumn","Finch","1976-09-18 13:27:27","2015-05-20 19:49:06",35,1),(100031,"Laura","Mcdaniel","1963-02-25 09:32:33","2013-01-31 02:55:00",44,7),(100032,"Chadwick","Small","1997-04-15 18:56:09","2013-02-04 16:40:17",19,1),(100033,"Priscilla","Cooke","1973-04-07 09:01:57","2015-08-10 17:04:51",7,5),(100034,"Ignatius","Rich","1988-05-02 14:54:49","2014-01-30 14:05:36",13,6),(100035,"Aquila","Davidson","2006-06-27 11:25:20","2011-06-26 01:09:03",28,3),(100036,"Branden","Bonner","1957-09-14 22:01:50","2013-05-20 16:21:20",32,4),(100037,"Kristen","Le","1974-08-02 01:21:02","2012-05-03 05:27:07",40,1),(100038,"Sybil","Dodson","1976-05-02 03:53:21","2012-07-05 16:58:12",1,4),(100039,"Jackson","Elliott","2001-08-03 16:02:13","2015-09-13 23:25:27",1,5);
INSERT INTO  Joueur  ( licence , nom_joueur , prenom_joueur , date_naissance , date_premiere_inscription , club_id , categorie_id ) VALUES (100040,"Alec","Herring","1972-01-20 16:31:17","2013-08-01 03:24:29",21,2),(100041,"Harrison","Tanner","2001-06-17 02:17:34","2015-03-30 14:28:28",22,2),(100042,"Gemma","Hart","1960-03-03 04:03:51","2010-04-26 02:01:43",28,2),(100043,"Abra","Peck","1987-06-25 07:20:15","2015-12-03 02:12:29",12,2),(100044,"Zahir","Byers","1950-02-12 21:50:51","2011-09-14 07:26:34",41,8),(100045,"Hyatt","Gilmore","1973-03-27 14:10:10","2012-09-01 20:55:39",41,1),(100046,"Odette","Noble","1989-05-31 12:47:51","2015-10-06 17:00:23",32,6),(100047,"Portia","Sutton","2004-07-24 09:27:24","2015-11-19 02:16:57",45,8),(100048,"Hasad","Ballard","2006-12-12 08:40:27","2013-10-21 13:27:08",35,6),(100049,"Ian","Oneil","2000-03-20 17:45:29","2015-02-24 20:37:58",12,3);
INSERT INTO  Joueur  ( licence , nom_joueur , prenom_joueur , date_naissance , date_premiere_inscription , club_id , categorie_id ) VALUES (100050,"Wynter","Dunn","1959-05-30 02:30:26","2012-09-21 11:46:18",30,4),(100051,"Sydney","Preston","2001-07-18 11:36:30","2011-03-06 14:03:05",4,5),(100052,"Kay","Calhoun","1963-08-21 22:07:52","2012-01-23 15:05:00",20,1),(100053,"Melanie","Phillips","1952-03-17 23:24:19","2010-06-15 18:00:29",37,8),(100054,"Dane","Galloway","1998-05-17 20:01:21","2016-04-06 07:59:57",24,3),(100055,"Lacey","Lindsey","1960-12-19 08:52:23","2015-02-04 05:51:09",41,7),(100056,"Melyssa","Patton","1980-09-10 01:56:18","2010-06-19 05:18:33",46,2),(100057,"Lois","Lucas","2007-09-19 23:42:26","2015-03-14 13:02:01",19,2),(100058,"Jane","Kirkland","1998-12-15 10:23:47","2010-09-27 11:53:58",7,6),(100059,"Dorothy","Wyatt","2008-04-24 01:25:31","2014-08-22 00:27:48",47,4);
INSERT INTO  Joueur  ( licence , nom_joueur , prenom_joueur , date_naissance , date_premiere_inscription , club_id , categorie_id ) VALUES (100060,"Steven","Mckee","1965-10-28 10:55:52","2012-08-09 13:22:14",18,2),(100061,"Perry","Trevino","1979-09-16 00:31:51","2011-05-05 01:44:37",25,5),(100062,"Jescie","Woodard","1959-02-28 13:39:18","2010-02-11 15:49:22",15,7),(100063,"Daryl","Durham","1960-09-08 21:43:40","2012-05-01 14:01:20",8,6),(100064,"Meghan","Lynn","1961-06-30 13:00:13","2015-02-24 08:09:47",7,6),(100065,"Amaya","Hansen","1974-09-18 12:40:58","2010-03-22 13:25:12",41,5),(100066,"Lacota","Puckett","1977-06-16 08:57:14","2015-09-05 23:28:41",16,2),(100067,"Brittany","Valdez","1988-09-11 06:41:58","2010-05-23 13:41:42",11,4),(100068,"Ahmed","Pate","1990-11-02 17:11:17","2016-01-24 07:22:27",31,1),(100069,"Mariko","Long","1968-08-13 10:55:33","2012-01-18 08:31:49",41,5);
INSERT INTO  Joueur  ( licence , nom_joueur , prenom_joueur , date_naissance , date_premiere_inscription , club_id , categorie_id ) VALUES (100070,"Sylvester","Schneider","1992-05-14 01:21:41","2016-02-04 07:57:05",16,5),(100071,"Karen","Combs","1991-08-30 12:33:21","2013-09-15 15:41:03",38,8),(100072,"Bruno","Kirby","1987-05-24 00:40:56","2013-12-09 05:49:13",33,3),(100073,"Damon","Jimenez","1953-04-25 22:57:45","2015-06-01 05:17:42",18,5),(100074,"Kylynn","Horne","1967-07-11 19:43:29","2010-12-09 09:07:09",29,4),(100075,"Ruth","Glover","1968-12-02 08:09:09","2014-07-13 03:39:38",6,8),(100076,"Brandon","Zimmerman","1955-07-23 21:26:35","2014-08-04 13:39:09",38,3),(100077,"Nathan","Acevedo","1953-08-31 22:19:52","2015-07-04 01:02:27",3,8),(100078,"Curran","Talley","1993-10-19 13:50:14","2013-01-15 00:34:06",38,1),(100079,"Alea","Mcdowell","1969-02-22 14:17:46","2013-07-02 16:38:23",48,1);
INSERT INTO  Joueur  ( licence , nom_joueur , prenom_joueur , date_naissance , date_premiere_inscription , club_id , categorie_id ) VALUES (100080,"Sonia","Reyes","2002-01-23 11:24:24","2015-03-12 09:56:32",12,4),(100081,"Haviva","Mejia","1970-07-12 17:28:53","2014-04-15 00:12:42",26,4),(100082,"Duncan","Miller","1950-11-22 06:59:53","2014-03-06 18:30:42",24,8),(100083,"Brenna","Trevino","2001-04-10 03:30:29","2014-07-24 00:23:06",10,7),(100084,"Ishmael","Allen","1989-06-17 00:34:00","2010-02-15 10:55:57",12,5),(100085,"Rose","Travis","1954-03-11 04:42:15","2010-10-04 21:20:32",32,4),(100086,"Rhiannon","Barron","1977-02-06 18:35:30","2014-11-26 12:39:28",48,5),(100087,"Jemima","Butler","1970-01-04 19:18:45","2012-05-07 22:00:43",35,1),(100088,"Mikayla","Wright","1980-04-09 14:17:21","2014-09-07 23:28:46",21,4),(100089,"Bryar","Horne","1979-06-13 20:34:44","2011-06-05 07:44:53",22,5);
INSERT INTO  Joueur  ( licence , nom_joueur , prenom_joueur , date_naissance , date_premiere_inscription , club_id , categorie_id ) VALUES (100090,"Dora","Witt","1957-01-15 18:55:47","2013-12-01 00:28:09",37,7),(100091,"Ella","Barlow","1987-05-09 14:24:03","2014-09-23 09:08:26",38,8),(100092,"Kibo","Bruce","1999-01-22 12:50:51","2013-11-26 09:42:41",24,7),(100093,"Hashim","Duke","2004-10-06 07:26:43","2013-01-14 12:29:30",17,1),(100094,"Petra","Morse","1951-05-19 21:54:17","2013-04-09 14:24:49",45,8),(100095,"Leila","Schmidt","1977-01-14 03:53:54","2012-06-17 12:03:58",22,4),(100096,"Wayne","Burks","1988-04-03 14:54:22","2014-05-07 22:01:10",46,2),(100097,"Philip","French","2006-02-20 12:47:44","2010-03-20 03:24:24",27,1),(100098,"Nell","Valenzuela","1983-06-02 17:21:24","2010-03-11 01:42:16",43,6),(100099,"Macon","Campbell","1981-04-03 07:36:40","2015-10-25 00:10:33",3,5);
INSERT INTO  Joueur  ( licence , nom_joueur , prenom_joueur , date_naissance , date_premiere_inscription , club_id , categorie_id ) VALUES (100100,"Beau","Mays","1992-06-10 01:52:56","2013-03-05 13:46:23",1,6),(100101,"Blaine","Merritt","1960-12-16 17:51:39","2011-08-24 06:24:19",12,4),(100102,"Blaine","Santiago","1975-07-15 01:09:21","2010-06-24 03:28:00",26,1),(100103,"Chantale","Black","1980-10-10 22:38:29","2012-03-16 22:57:22",13,7),(100104,"Velma","Greene","1966-01-24 10:58:40","2015-07-14 17:34:32",12,7),(100105,"Harper","Pruitt","1953-12-16 14:25:51","2011-05-08 07:07:13",50,7),(100106,"Keaton","Hopper","2003-07-10 15:36:47","2012-06-04 22:11:45",50,3),(100107,"Kitra","Sherman","1972-10-15 17:44:49","2011-05-30 11:50:19",49,8),(100108,"Shea","Spence","1954-03-01 02:22:58","2015-04-11 01:58:35",25,5),(100109,"Quynn","Anderson","1988-11-28 05:20:49","2011-07-15 17:29:56",35,8);
INSERT INTO  Joueur  ( licence , nom_joueur , prenom_joueur , date_naissance , date_premiere_inscription , club_id , categorie_id ) VALUES (100110,"Mary","Mueller","1965-01-25 11:36:01","2014-06-23 06:35:22",2,3),(100111,"Brielle","Grant","1994-08-30 07:59:36","2012-04-29 01:56:22",40,6),(100112,"Kirk","Velasquez","1968-07-13 17:51:05","2013-11-19 09:13:30",29,8),(100113,"Ora","Romero","1980-08-19 04:10:40","2010-12-25 19:05:16",8,7),(100114,"Regina","Christensen","1992-08-05 23:35:58","2012-04-10 10:49:19",36,1),(100115,"Alfreda","Mccormick","2009-07-27 05:36:22","2016-01-28 07:51:47",19,5),(100116,"Erin","Dunn","1962-12-21 00:58:35","2014-01-01 00:44:14",37,2),(100117,"Boris","Padilla","1987-11-27 03:57:01","2011-07-18 10:18:25",41,2),(100118,"Gareth","Gibbs","1980-01-01 08:15:50","2010-06-12 03:26:21",4,4),(100119,"Adam","Pruitt","1981-01-25 19:47:37","2011-12-01 22:51:41",29,8);
INSERT INTO  Joueur  ( licence , nom_joueur , prenom_joueur , date_naissance , date_premiere_inscription , club_id , categorie_id ) VALUES (100120,"Dorothy","Lucas","1987-06-29 02:31:46","2013-11-06 06:36:53",19,1),(100121,"Hadley","Deleon","2006-08-15 11:31:52","2015-09-10 10:57:46",3,2),(100122,"Peter","Riley","1982-12-25 15:22:38","2015-01-18 16:45:56",50,8),(100123,"Zenia","Levy","1968-09-19 07:59:42","2015-02-23 05:42:05",7,8),(100124,"Margaret","Larsen","1997-11-26 07:37:26","2016-05-09 16:41:46",31,7),(100125,"Owen","Le","1991-05-07 07:23:39","2011-10-14 05:25:52",22,8),(100126,"Lana","Fischer","1962-07-08 17:24:13","2013-12-20 08:57:47",8,2),(100127,"Hector","Wiley","1963-04-24 11:47:54","2010-04-10 21:20:17",1,1),(100128,"Adrienne","Chambers","1996-06-23 01:28:12","2010-10-14 06:31:19",25,5),(100129,"Harding","Hoffman","1985-10-07 09:38:06","2011-04-30 10:53:27",21,2);
INSERT INTO  Joueur  ( licence , nom_joueur , prenom_joueur , date_naissance , date_premiere_inscription , club_id , categorie_id ) VALUES (100130,"Owen","Nichols","1981-12-07 15:51:45","2012-02-23 10:08:45",50,6),(100131,"Fay","Pierce","1993-11-23 17:18:29","2011-10-20 13:57:33",25,8),(100132,"Brynne","Mcintosh","1992-07-27 10:15:57","2013-04-29 01:28:03",34,2),(100133,"Cadman","Oneill","1954-07-07 13:25:18","2010-04-18 16:58:25",4,1),(100134,"Chadwick","Cooke","1991-01-29 11:41:10","2011-06-14 02:32:35",44,8),(100135,"Tanisha","Montoya","1981-12-11 20:38:03","2011-09-14 01:02:23",48,5),(100136,"Hedwig","Mccray","2000-02-22 07:36:24","2016-02-28 05:14:18",35,2),(100137,"Portia","Wyatt","2003-03-07 07:15:01","2012-03-18 08:11:27",34,6),(100138,"Beau","Ball","1980-06-01 06:52:17","2015-12-18 13:19:23",6,6),(100139,"Alvin","Lara","1963-01-23 06:21:14","2014-02-03 03:57:20",39,2);
INSERT INTO  Joueur  ( licence , nom_joueur , prenom_joueur , date_naissance , date_premiere_inscription , club_id , categorie_id ) VALUES (100140,"Quin","Cleveland","1993-05-21 07:39:06","2015-12-06 04:00:40",14,5),(100141,"Sonia","Bonner","2002-09-16 16:44:10","2014-02-22 20:24:28",8,2),(100142,"Gillian","West","1962-06-11 18:33:47","2010-04-13 07:58:17",37,1),(100143,"Remedios","Bright","1951-11-15 17:43:41","2012-08-14 04:40:11",47,5),(100144,"Kiara","Mcdowell","2006-02-06 17:05:21","2015-10-15 10:20:23",37,5),(100145,"Alfonso","Luna","2008-12-03 02:29:05","2010-03-18 03:35:58",26,3),(100146,"Paul","Page","2001-06-23 16:32:21","2015-02-07 05:27:07",21,2),(100147,"Baker","Kline","1973-04-20 22:47:01","2012-07-21 23:33:59",6,6),(100148,"Jonas","Mcknight","1974-05-27 17:14:59","2014-04-29 21:05:51",29,8),(100149,"Francis","Gross","1984-08-09 03:11:28","2011-10-30 02:47:35",34,5);
INSERT INTO  Joueur  ( licence , nom_joueur , prenom_joueur , date_naissance , date_premiere_inscription , club_id , categorie_id ) VALUES (100150,"Quon","Moreno","2005-06-18 16:11:33","2015-09-08 04:50:12",47,8),(100151,"Shana","Hartman","1982-09-15 00:05:26","2015-02-18 22:09:25",35,8),(100152,"Samson","Chambers","1954-04-21 12:44:10","2014-02-13 14:40:18",41,1),(100153,"Cheryl","Aguilar","1978-05-18 09:13:18","2012-06-27 17:05:58",46,1),(100154,"Dorian","Barlow","1957-10-03 10:36:47","2014-07-13 14:38:09",32,8),(100155,"Kermit","Kent","1988-03-22 14:22:57","2012-04-10 12:28:34",21,3),(100156,"Randall","Gonzales","1980-09-17 01:51:19","2013-07-20 11:40:15",2,5),(100157,"Orlando","Kramer","1950-06-02 09:11:24","2014-11-20 13:53:52",34,6),(100158,"Alisa","Maynard","1976-11-09 21:12:26","2015-09-27 22:27:20",41,3),(100159,"Amethyst","Rivera","1964-04-04 23:57:55","2014-11-25 04:21:31",44,4);
INSERT INTO  Joueur  ( licence , nom_joueur , prenom_joueur , date_naissance , date_premiere_inscription , club_id , categorie_id ) VALUES (100160,"Shad","Hull","1967-04-24 14:41:35","2015-04-16 16:04:52",24,2),(100161,"Tanya","White","1958-10-06 06:16:19","2013-01-19 07:55:10",25,6),(100162,"Audrey","Kline","1987-10-08 04:36:13","2012-06-29 04:28:17",43,6),(100163,"Quin","Baker","1957-09-04 18:34:13","2014-03-29 15:57:02",24,8),(100164,"Timon","Livingston","2002-06-05 13:12:27","2010-09-27 16:50:29",2,1),(100165,"Adria","Moses","2008-07-16 19:31:12","2010-03-08 06:23:31",46,2),(100166,"Aiko","Tillman","2009-06-06 22:40:09","2015-01-24 16:34:06",37,8),(100167,"Troy","Houston","1965-10-10 03:10:43","2011-09-27 04:06:28",32,7),(100168,"Forrest","Estes","1960-11-24 08:39:37","2012-01-09 02:51:03",12,7),(100169,"Wade","Price","1951-06-16 08:26:43","2014-07-25 07:39:33",40,4);
INSERT INTO  Joueur  ( licence , nom_joueur , prenom_joueur , date_naissance , date_premiere_inscription , club_id , categorie_id ) VALUES (100170,"Zeus","Pitts","1992-08-31 15:23:30","2013-03-23 12:34:38",9,5),(100171,"Shad","Wilkins","1959-07-17 18:41:36","2010-10-04 10:24:40",40,6),(100172,"Kelly","Schneider","1991-08-03 03:44:21","2011-11-14 18:58:12",23,8),(100173,"Warren","Spears","2005-07-02 22:25:47","2014-12-27 05:31:26",29,4),(100174,"Tate","Banks","1950-06-30 00:46:16","2015-05-01 01:48:36",16,8),(100175,"Kermit","Cook","1962-07-15 18:18:35","2015-12-25 02:10:58",15,4),(100176,"Maggie","Gregory","1985-01-06 15:39:38","2013-02-05 05:27:14",5,4),(100177,"Reece","Prince","1965-05-11 02:08:34","2013-06-02 09:42:26",26,6),(100178,"Damon","Cole","1984-10-10 15:21:08","2014-03-01 19:55:31",48,1),(100179,"Renee","Delaney","2003-11-04 16:34:59","2011-03-02 06:08:41",6,2);
INSERT INTO  Joueur  ( licence , nom_joueur , prenom_joueur , date_naissance , date_premiere_inscription , club_id , categorie_id ) VALUES (100180,"Quyn","Woods","1987-08-29 14:45:42","2013-07-08 06:27:38",22,7),(100181,"Clarke","Mosley","1993-07-29 14:26:25","2015-04-18 08:06:17",26,6),(100182,"Rhea","Armstrong","1966-07-22 11:26:50","2010-12-24 05:05:53",45,6),(100183,"Burton","Ball","1979-04-26 02:34:51","2010-11-20 05:41:44",27,6),(100184,"Rhea","Kane","1961-12-12 21:54:44","2013-12-30 07:37:51",41,2),(100185,"Aimee","Sandoval","1987-02-06 21:35:33","2012-05-26 19:31:34",15,2),(100186,"Josephine","Randall","1951-09-10 19:34:40","2016-04-30 18:13:24",48,8),(100187,"Claire","Frost","1974-01-19 16:37:12","2012-01-30 14:12:55",37,3),(100188,"Eaton","Albert","1972-04-16 22:11:25","2014-08-12 00:59:10",47,3),(100189,"Christopher","Noel","1998-10-29 15:33:41","2013-10-26 03:33:45",46,5);
INSERT INTO  Joueur  ( licence , nom_joueur , prenom_joueur , date_naissance , date_premiere_inscription , club_id , categorie_id ) VALUES (100190,"Cally","Malone","1952-09-02 09:41:37","2015-05-22 15:12:51",24,4),(100191,"Sara","Deleon","1956-07-19 01:31:43","2014-04-10 11:10:08",48,6),(100192,"Walter","Cortez","1987-04-29 06:22:45","2012-10-27 03:19:30",11,7),(100193,"Stella","Garza","1987-06-04 12:27:54","2012-05-08 19:49:04",50,7),(100194,"Gwendolyn","Gates","1986-08-31 10:56:43","2015-02-09 04:31:18",34,8),(100195,"Carissa","Galloway","1996-08-20 14:17:02","2010-05-22 20:36:41",39,2),(100196,"Mechelle","Terry","1979-10-26 16:15:08","2014-04-29 15:34:43",45,3),(100197,"Dahlia","Nash","2003-11-11 11:31:45","2015-04-14 13:47:53",6,1),(100198,"Jayme","Oneal","1995-11-13 04:54:52","2010-04-13 19:04:13",14,8),(100199,"Dylan","Hutchinson","1982-05-16 12:59:04","2013-11-29 08:34:52",1,6);
INSERT INTO  Joueur  ( licence , nom_joueur , prenom_joueur , date_naissance , date_premiere_inscription , club_id , categorie_id ) VALUES (100200,"Tucker","Carey","1964-09-20 08:58:05","2011-01-09 14:56:34",37,8),(100201,"Wing","Thornton","2004-04-04 23:17:09","2016-03-09 22:44:15",7,1),(100202,"Marvin","Schultz","1967-09-16 23:51:35","2013-04-24 09:30:36",25,2),(100203,"Lucy","Mcmahon","1959-02-26 10:51:56","2012-03-12 04:39:31",34,7),(100204,"Kelly","Irwin","1969-05-09 23:47:43","2013-06-25 15:14:43",5,5),(100205,"Rowan","Holden","1964-01-09 19:34:41","2015-10-29 09:06:23",22,6),(100206,"Miriam","Curry","1950-09-17 23:16:19","2012-12-02 00:37:17",21,2),(100207,"Jenette","Rios","1992-04-16 11:44:54","2010-08-22 21:21:52",40,3),(100208,"Nayda","Anthony","1965-08-25 10:25:25","2010-04-02 02:06:35",38,5),(100209,"Jaime","Buckley","1995-04-14 01:07:43","2012-01-03 18:31:07",18,1);
INSERT INTO  Joueur  ( licence , nom_joueur , prenom_joueur , date_naissance , date_premiere_inscription , club_id , categorie_id ) VALUES (100210,"Mohammad","Kelly","1992-12-28 20:00:25","2012-12-31 16:47:17",44,8),(100211,"TaShya","Reed","1997-07-14 15:35:52","2011-10-17 16:10:46",13,8),(100212,"Fallon","Pace","1995-12-13 02:39:41","2010-06-16 02:30:54",45,5),(100213,"Quin","Mccarthy","1956-04-25 12:02:55","2010-08-14 03:50:50",26,5),(100214,"Melinda","Shannon","1995-09-26 23:11:28","2010-07-29 05:43:49",27,2),(100215,"Galvin","Cannon","1983-06-02 21:59:15","2013-03-28 18:38:37",8,1),(100216,"Edward","Delaney","1997-10-21 12:04:33","2011-05-29 00:35:12",23,7),(100217,"Cairo","Britt","1967-06-01 20:43:44","2013-02-22 09:44:26",47,6),(100218,"Oleg","Griffin","1975-09-11 00:09:45","2010-07-25 22:03:29",22,6),(100219,"Tyrone","Clayton","1955-03-26 02:39:23","2014-02-23 14:52:44",21,5);
INSERT INTO  Joueur  ( licence , nom_joueur , prenom_joueur , date_naissance , date_premiere_inscription , club_id , categorie_id ) VALUES (100220,"Avye","Park","1985-03-18 04:17:02","2013-10-07 02:44:58",13,2),(100221,"Cally","Ratliff","1973-05-28 15:02:42","2011-12-14 12:18:25",9,5),(100222,"Chester","Bartlett","1964-06-25 06:15:22","2013-10-06 00:40:34",46,6),(100223,"Branden","Hampton","2000-02-12 00:17:28","2010-03-26 04:14:56",2,1),(100224,"Julian","Ayala","1982-07-16 07:29:04","2015-10-16 18:22:11",30,3),(100225,"Colt","Sharp","1961-10-03 16:20:31","2010-12-16 00:51:45",13,8),(100226,"Caldwell","Spears","2005-03-29 06:46:48","2010-01-18 03:19:22",22,1),(100227,"Camden","Camacho","1970-07-19 16:25:59","2010-01-29 12:29:07",49,7),(100228,"Anastasia","William","1980-04-13 15:14:34","2012-04-02 08:23:43",35,3),(100229,"Allen","Kelly","2008-01-02 16:37:51","2013-06-05 00:09:08",12,4);
INSERT INTO  Joueur  ( licence , nom_joueur , prenom_joueur , date_naissance , date_premiere_inscription , club_id , categorie_id ) VALUES (100230,"Joelle","Carey","1981-12-23 13:44:19","2014-10-21 08:41:28",35,6),(100231,"Kasper","Ortiz","2000-07-14 09:31:14","2014-03-15 09:33:04",39,5),(100232,"Oleg","Rodriguez","1969-07-27 00:36:43","2014-11-26 18:43:40",36,8),(100233,"Christian","Orr","1971-12-27 13:57:33","2010-08-24 12:40:00",35,4),(100234,"Jameson","Melendez","1969-11-19 19:02:03","2011-12-02 09:05:35",8,4),(100235,"Camille","Goff","2002-11-21 20:51:55","2010-09-01 16:41:27",2,7),(100236,"Alice","Pratt","1978-06-10 05:11:20","2013-08-03 05:51:54",43,2),(100237,"Micah","Weaver","1951-09-24 02:52:20","2011-03-26 17:52:32",28,1),(100238,"Kenyon","Rogers","1976-01-18 04:33:42","2012-11-07 17:27:22",30,6),(100239,"Dylan","Mccall","1989-07-29 03:26:46","2010-09-14 02:20:09",41,5);
INSERT INTO  Joueur  ( licence , nom_joueur , prenom_joueur , date_naissance , date_premiere_inscription , club_id , categorie_id ) VALUES (100240,"Christopher","Pratt","1961-10-28 18:22:56","2014-12-05 20:42:27",35,8),(100241,"Amery","Blankenship","1997-05-11 14:48:58","2014-04-29 04:03:55",14,6),(100242,"Karina","Lamb","1991-07-22 14:00:38","2011-04-05 22:15:52",30,3),(100243,"Brandon","Barry","1958-07-09 00:38:44","2010-12-21 09:03:40",20,7),(100244,"Solomon","Rasmussen","1991-06-17 02:21:31","2012-09-30 05:10:08",46,2),(100245,"Driscoll","Chavez","1976-03-05 22:52:59","2015-10-07 08:54:55",44,7),(100246,"Jolene","Barlow","1955-10-03 13:05:22","2013-01-30 07:23:07",15,5),(100247,"Vera","Finley","1953-01-02 03:24:38","2011-11-10 12:06:37",3,2),(100248,"Brady","Hodge","1959-06-12 04:39:26","2014-06-13 14:01:50",29,3),(100249,"Aristotle","Travis","1989-06-12 06:18:47","2014-02-17 04:58:16",2,1);
INSERT INTO  Joueur  ( licence , nom_joueur , prenom_joueur , date_naissance , date_premiere_inscription , club_id , categorie_id ) VALUES (100250,"Cameron","Rutledge","1966-11-15 11:24:08","2016-01-07 20:14:20",24,5),(100251,"Buckminster","Grimes","1994-06-11 10:05:02","2014-04-01 04:00:26",17,6),(100252,"Zephr","Le","1967-03-25 11:57:17","2010-04-30 17:33:34",43,6),(100253,"Ina","Kinney","1968-12-31 05:03:56","2013-04-04 08:22:41",32,4),(100254,"Bryar","Jacobson","2005-10-02 22:33:11","2010-03-09 01:48:52",4,2),(100255,"Signe","Rich","1982-05-07 16:33:36","2013-09-21 05:46:53",14,6),(100256,"Heidi","West","2006-05-01 12:51:33","2011-06-04 04:26:57",46,3),(100257,"Shannon","Phelps","1998-08-27 08:33:50","2015-10-31 19:03:25",27,1),(100258,"Connor","Koch","1970-02-03 21:09:43","2012-07-14 12:06:35",12,1),(100259,"Bethany","Acosta","2008-09-03 16:34:49","2012-07-22 18:30:04",2,3);
INSERT INTO  Joueur  ( licence , nom_joueur , prenom_joueur , date_naissance , date_premiere_inscription , club_id , categorie_id ) VALUES (100260,"Amber","Rojas","1969-07-23 23:25:55","2016-01-27 04:30:37",29,6),(100261,"Micah","Walker","1994-03-28 15:55:45","2012-11-14 13:30:22",43,7),(100262,"Felicia","Sutton","2000-09-29 12:32:12","2010-03-10 22:47:44",50,5),(100263,"Brittany","Camacho","1968-10-20 18:51:55","2010-01-31 03:33:06",1,2),(100264,"Jenna","Hartman","1975-06-17 21:34:17","2010-06-14 19:35:45",32,4),(100265,"Ivana","Juarez","1964-05-01 07:29:36","2012-09-27 15:23:58",43,5),(100266,"Anthony","Mcleod","1996-10-31 01:42:55","2015-03-19 17:05:27",47,6),(100267,"Reese","Gordon","1955-11-15 20:34:53","2010-08-24 04:46:28",48,7),(100268,"Dante","Welch","1993-10-13 00:03:13","2010-06-10 15:43:12",15,2),(100269,"Lee","Lucas","1960-12-23 19:59:58","2014-03-18 02:18:12",30,2);
INSERT INTO  Joueur  ( licence , nom_joueur , prenom_joueur , date_naissance , date_premiere_inscription , club_id , categorie_id ) VALUES (100270,"Clinton","Greene","1977-06-10 18:05:49","2012-03-15 14:21:57",19,7),(100271,"Anne","Gallegos","2009-02-03 12:59:57","2014-09-10 12:05:02",46,5),(100272,"Chanda","Mitchell","2008-05-13 05:33:26","2012-12-20 03:28:57",33,4),(100273,"Hop","Stewart","1976-09-26 16:51:18","2012-01-25 14:48:06",47,4),(100274,"Marny","Woodard","2000-11-13 17:10:57","2013-06-15 12:38:06",41,6),(100275,"Reagan","Sandoval","1952-12-18 18:58:34","2014-02-07 07:47:08",3,4),(100276,"Justin","Olson","1966-05-09 13:41:01","2011-10-01 21:45:43",20,3),(100277,"Jescie","Oconnor","1968-11-22 15:01:32","2014-05-02 14:42:01",42,7),(100278,"Quon","Hall","1966-10-14 22:26:44","2015-07-16 03:10:51",48,5),(100279,"Beck","Barrett","1974-11-02 06:16:16","2010-09-03 01:01:12",40,4);
INSERT INTO  Joueur  ( licence , nom_joueur , prenom_joueur , date_naissance , date_premiere_inscription , club_id , categorie_id ) VALUES (100280,"Raphael","Sanchez","1954-05-14 01:25:15","2010-09-01 02:37:23",46,8),(100281,"Owen","Sargent","1976-01-05 02:58:07","2010-10-23 19:18:44",8,6),(100282,"Alana","Woodward","2002-10-08 11:33:34","2015-07-25 18:50:12",6,1),(100283,"Daquan","Winters","1994-06-07 02:22:00","2013-10-17 03:28:06",12,5),(100284,"Adara","Mcdaniel","1966-02-14 14:52:53","2012-07-05 06:08:06",11,4),(100285,"Rowan","Sandoval","1993-04-05 00:45:46","2016-01-18 01:52:44",49,4),(100286,"Beau","Howe","1973-09-06 22:41:33","2014-10-15 09:01:08",15,7),(100287,"Lareina","Patton","1982-10-20 22:20:17","2010-05-01 08:38:38",6,7),(100288,"Marah","Beasley","1988-08-15 11:53:29","2013-07-15 00:13:58",19,6),(100289,"Prescott","William","1966-03-11 07:59:43","2015-07-17 18:28:00",9,5);
INSERT INTO  Joueur  ( licence , nom_joueur , prenom_joueur , date_naissance , date_premiere_inscription , club_id , categorie_id ) VALUES (100290,"Eagan","Lopez","1979-02-12 16:46:05","2010-04-18 20:02:47",28,6),(100291,"Rowan","Greene","1952-04-20 10:41:37","2015-05-09 07:43:57",10,4),(100292,"Lance","Marsh","1997-03-24 09:33:35","2014-06-22 17:14:42",27,7),(100293,"Raja","Jarvis","1964-03-25 17:52:54","2015-06-24 23:09:16",41,2),(100294,"Keegan","Juarez","1966-06-23 03:28:13","2012-02-08 20:48:36",4,6),(100295,"Jayme","Dixon","1965-02-17 15:51:32","2014-09-06 20:46:51",4,1),(100296,"Abdul","Wynn","1992-07-30 18:41:06","2016-01-16 16:28:29",28,8),(100297,"Wallace","Buckley","1994-02-05 12:22:37","2011-08-01 22:04:57",28,7),(100298,"Beatrice","Curry","1987-06-04 17:49:28","2011-07-31 09:38:42",45,5),(100299,"Mohammad","Kirkland","1986-04-06 20:31:13","2010-08-05 05:26:29",19,8);
INSERT INTO  Joueur  ( licence , nom_joueur , prenom_joueur , date_naissance , date_premiere_inscription , club_id , categorie_id ) VALUES (100300,"Herrod","Compton","2009-05-09 19:27:37","2014-07-14 16:53:38",25,8),(100301,"Adria","Estes","1950-11-29 20:54:33","2013-08-20 17:17:53",17,1),(100302,"Kay","Smith","1960-07-06 00:18:21","2010-06-05 14:21:50",19,8),(100303,"Shaeleigh","Mcgee","1957-06-08 16:12:55","2014-08-28 19:57:09",19,6),(100304,"Blaze","Wilson","1979-12-13 02:48:23","2014-06-26 05:35:47",40,4),(100305,"Evangeline","Hale","1983-04-28 18:02:11","2012-07-04 08:52:52",11,7),(100306,"Donna","Perkins","1997-01-17 21:55:44","2013-07-03 02:41:28",37,1),(100307,"Lisandra","Cummings","1984-06-07 19:30:47","2011-02-18 17:23:16",49,4),(100308,"Ingrid","George","2009-09-08 03:32:20","2014-03-11 23:37:52",11,8),(100309,"Celeste","Haynes","1972-09-11 17:17:26","2013-09-13 20:27:25",34,3);
INSERT INTO  Joueur  ( licence , nom_joueur , prenom_joueur , date_naissance , date_premiere_inscription , club_id , categorie_id ) VALUES (100310,"Palmer","Huber","1980-02-18 17:35:22","2013-08-02 01:07:49",27,1),(100311,"Whilemina","Whitehead","1951-02-20 18:38:43","2014-07-24 10:57:43",16,3),(100312,"Eve","Pate","2000-10-05 16:56:21","2012-12-24 07:21:34",10,2),(100313,"Merritt","Hester","1970-06-04 04:24:39","2015-12-01 12:56:39",9,8),(100314,"Emery","Snider","1983-03-23 22:17:30","2015-07-18 22:03:51",33,6),(100315,"Mara","Irwin","1978-05-06 20:34:47","2015-08-12 08:24:56",28,7),(100316,"Philip","Pope","1984-06-08 16:11:36","2011-07-28 16:38:09",33,2),(100317,"Allistair","Delgado","1972-07-02 05:10:05","2013-12-10 05:48:53",32,1),(100318,"Lilah","Sears","1960-12-21 19:58:46","2012-04-12 21:12:07",37,3),(100319,"Declan","Dyer","1957-07-12 12:46:58","2012-05-03 15:47:31",10,3);
INSERT INTO  Joueur  ( licence , nom_joueur , prenom_joueur , date_naissance , date_premiere_inscription , club_id , categorie_id ) VALUES (100320,"Libby","Sanford","1988-03-01 21:58:31","2013-05-11 16:13:50",33,4),(100321,"Alexis","Barron","1991-06-10 14:19:49","2013-04-30 20:01:17",16,2),(100322,"Kelsey","Miranda","1971-06-14 14:50:13","2013-08-24 19:40:02",26,2),(100323,"Imani","Rosario","2004-10-08 19:29:16","2015-05-17 05:08:55",30,5),(100324,"Adele","Shaw","1981-04-07 03:01:44","2013-06-01 20:34:08",41,5),(100325,"Scott","Flynn","1954-09-26 15:36:46","2014-06-23 05:40:21",40,4),(100326,"Alfonso","Wilson","1996-09-28 23:33:29","2012-03-27 04:08:50",40,5),(100327,"Maia","Molina","1997-01-15 16:17:36","2016-04-14 19:28:48",24,4),(100328,"Ian","Pennington","1952-02-21 22:16:18","2015-05-02 09:06:55",30,5),(100329,"Anthony","Simpson","1963-10-15 21:23:11","2011-09-07 19:19:34",16,2);
INSERT INTO  Joueur  ( licence , nom_joueur , prenom_joueur , date_naissance , date_premiere_inscription , club_id , categorie_id ) VALUES (100330,"Cora","Weiss","1976-05-26 22:06:51","2015-09-29 06:09:40",3,6),(100331,"Naida","Rollins","1950-12-21 10:45:26","2016-04-27 05:57:17",2,1),(100332,"Dacey","Sanders","1970-12-02 03:54:14","2011-12-31 22:17:30",15,8),(100333,"Timon","Hampton","1968-10-16 09:10:21","2010-07-17 19:34:18",14,1),(100334,"Galvin","Terrell","2003-06-18 16:24:11","2012-10-26 06:10:53",36,6),(100335,"Brian","Velasquez","1965-09-22 21:12:28","2011-01-19 04:24:49",38,6),(100336,"Lilah","Gross","1963-04-23 18:39:16","2015-11-21 19:58:50",27,5),(100337,"Rahim","Atkinson","1989-08-16 11:54:22","2010-08-04 00:23:06",1,6),(100338,"Ursula","Jackson","1985-06-25 13:24:47","2015-09-13 11:58:42",4,6),(100339,"Shelly","Green","1995-06-26 07:26:08","2014-01-31 20:15:19",1,7);
INSERT INTO  Joueur  ( licence , nom_joueur , prenom_joueur , date_naissance , date_premiere_inscription , club_id , categorie_id ) VALUES (100340,"Xenos","Garrett","2008-08-02 07:17:00","2012-10-14 02:54:12",15,3),(100341,"Elijah","Cooley","1985-12-14 23:03:55","2010-10-14 11:39:56",26,4),(100342,"Jade","Hughes","1968-10-23 23:34:33","2011-08-30 05:11:06",39,7),(100343,"Carissa","Juarez","2007-01-07 13:01:32","2012-10-22 22:48:24",42,3),(100344,"Leigh","Buckner","1976-06-01 08:38:33","2016-03-18 07:46:38",15,6),(100345,"Sharon","Cotton","1997-07-24 14:58:47","2013-10-18 21:36:57",26,5),(100346,"Oprah","Brennan","1971-03-25 12:59:30","2014-01-31 19:04:55",8,1),(100347,"Genevieve","Richard","1978-03-07 00:07:19","2015-07-19 19:42:19",4,3),(100348,"Alexa","Carr","1985-04-08 02:06:34","2012-12-04 07:55:55",23,5),(100349,"Lacy","Price","1989-02-05 06:18:00","2015-07-19 08:26:14",1,7);
INSERT INTO  Joueur  ( licence , nom_joueur , prenom_joueur , date_naissance , date_premiere_inscription , club_id , categorie_id ) VALUES (100350,"Zia","Mcintyre","2002-02-17 13:02:30","2012-04-29 17:07:10",20,4),(100351,"Brent","Livingston","1951-11-12 01:44:03","2013-01-07 12:37:30",13,4),(100352,"Regan","Cantrell","1974-02-23 07:50:30","2012-07-08 14:20:59",36,5),(100353,"Jack","Osborn","1996-01-06 11:33:15","2010-05-06 05:06:59",32,7),(100354,"Oleg","Travis","1958-10-07 19:09:26","2010-08-01 01:06:12",12,5),(100355,"Serena","Dean","1983-04-04 18:56:09","2015-08-05 10:50:30",10,3),(100356,"Oliver","Puckett","2006-05-30 00:12:29","2014-12-22 16:18:56",48,7),(100357,"Sierra","Ortiz","2001-07-07 20:35:00","2010-08-26 08:35:32",14,6),(100358,"Demetria","Robles","1978-10-08 13:18:46","2012-08-08 19:01:55",9,8),(100359,"Malachi","Mayer","1992-10-09 19:21:32","2015-06-27 06:33:35",3,2);
INSERT INTO  Joueur  ( licence , nom_joueur , prenom_joueur , date_naissance , date_premiere_inscription , club_id , categorie_id ) VALUES (100360,"Damon","Campbell","1955-07-17 01:13:49","2014-06-28 09:20:11",48,4),(100361,"Simone","Estrada","2003-03-27 00:08:01","2014-05-20 15:23:39",37,5),(100362,"Larissa","Cash","1994-10-14 06:04:29","2011-09-14 17:34:42",47,7),(100363,"Kylee","Houston","1968-09-22 01:27:59","2014-04-01 14:08:46",48,6),(100364,"Leilani","Franks","1959-05-06 18:20:39","2013-07-07 20:30:04",25,5),(100365,"Daphne","Villarreal","1964-10-08 13:46:49","2012-07-09 02:16:51",1,8),(100366,"Wyatt","Wiggins","1969-01-20 10:10:51","2016-04-10 10:08:31",26,7),(100367,"Brittany","Monroe","2005-01-17 17:59:11","2011-09-18 04:41:01",37,3),(100368,"Mia","Pittman","1968-06-13 04:32:42","2010-07-22 22:44:57",21,7),(100369,"Griffith","Vaughan","2009-12-23 19:10:46","2016-05-01 11:52:54",50,5);
INSERT INTO  Joueur  ( licence , nom_joueur , prenom_joueur , date_naissance , date_premiere_inscription , club_id , categorie_id ) VALUES (100370,"Kenyon","Caldwell","2007-05-22 23:05:44","2012-04-06 16:52:57",43,3),(100371,"Autumn","Henry","2009-07-14 01:55:13","2012-03-23 02:30:12",23,8),(100372,"Gary","Cervantes","1997-01-29 04:46:47","2013-05-31 18:41:58",6,7),(100373,"Ann","Wagner","1974-09-09 09:27:53","2011-07-29 01:36:13",24,6),(100374,"Shea","Holman","1950-05-21 07:25:56","2012-02-18 05:31:56",46,2),(100375,"Duncan","Romero","1950-01-12 11:15:07","2016-04-22 09:13:45",8,1),(100376,"Amena","Meyer","2008-02-27 21:25:26","2015-09-20 18:21:19",27,5),(100377,"Magee","Davis","1966-03-13 02:14:49","2010-05-13 18:41:04",8,7),(100378,"Malachi","Schroeder","1999-06-28 11:14:40","2011-07-14 16:29:20",7,7),(100379,"Amber","Stuart","1984-07-22 01:20:45","2013-11-19 11:27:30",50,4);
INSERT INTO  Joueur  ( licence , nom_joueur , prenom_joueur , date_naissance , date_premiere_inscription , club_id , categorie_id ) VALUES (100380,"Mason","Fisher","1989-07-26 09:32:32","2010-09-07 22:56:50",30,5),(100381,"Larissa","Dyer","1964-07-08 00:19:54","2016-03-27 12:15:46",47,7),(100382,"Marny","Lowe","1968-09-07 17:08:15","2013-08-14 16:43:50",28,2),(100383,"Angela","Oneill","2004-09-23 12:13:36","2010-11-20 11:10:41",44,2),(100384,"Thane","Valdez","1953-05-01 16:35:05","2014-04-20 11:41:40",3,2),(100385,"Leonard","Hardy","1979-12-26 04:55:06","2010-04-22 09:37:32",35,6),(100386,"Ralph","Mathis","1973-06-12 13:40:53","2011-07-03 15:43:01",38,3),(100387,"Xerxes","Mason","1962-03-16 14:06:20","2010-12-27 23:59:53",28,8),(100388,"Driscoll","Nielsen","1956-05-23 08:08:43","2015-07-21 20:31:13",1,7),(100389,"Zia","Sampson","1992-05-28 04:16:12","2015-11-05 09:20:08",38,3);
INSERT INTO  Joueur  ( licence , nom_joueur , prenom_joueur , date_naissance , date_premiere_inscription , club_id , categorie_id ) VALUES (100390,"Dara","Pittman","1994-07-21 07:28:31","2011-11-11 11:56:26",23,8),(100391,"Melanie","Reynolds","1976-04-19 12:35:03","2011-08-24 02:24:23",38,3),(100392,"Joseph","Snow","1984-10-02 21:31:58","2016-04-10 01:33:32",3,6),(100393,"Oliver","Scott","1958-08-08 14:03:38","2016-03-23 10:01:24",11,2),(100394,"Zoe","Perry","1954-04-04 04:57:37","2010-05-31 02:45:52",16,7),(100395,"Paloma","Peck","1956-07-02 21:56:18","2012-07-16 19:50:46",43,6),(100396,"Elizabeth","Glenn","1977-12-03 15:55:28","2011-01-03 16:56:11",50,6),(100397,"Rhoda","Patterson","1955-03-23 06:42:01","2010-03-04 21:10:32",17,4),(100398,"Demetria","Hardin","1956-01-29 08:04:28","2014-03-21 03:01:56",34,6),(100399,"Len","Winters","1966-11-24 16:53:08","2016-01-22 02:42:40",4,7);
INSERT INTO  Joueur  ( licence , nom_joueur , prenom_joueur , date_naissance , date_premiere_inscription , club_id , categorie_id ) VALUES (100400,"Rose","Bentley","1995-09-03 16:59:02","2013-07-26 17:39:44",29,8),(100401,"Nyssa","Jennings","1961-07-05 20:28:54","2011-07-10 11:37:42",2,7),(100402,"Eden","Roy","1975-11-15 00:27:46","2015-11-16 00:37:39",2,5),(100403,"Ariana","Head","1950-05-29 06:57:50","2010-08-24 22:33:01",27,3),(100404,"Teegan","Moody","1981-09-06 00:15:46","2012-06-18 12:41:18",42,3),(100405,"Evan","Webb","1986-10-03 19:43:43","2013-06-21 22:33:52",33,8),(100406,"Brielle","Bush","1976-09-22 16:46:23","2010-01-26 15:15:11",36,8),(100407,"Hadassah","Bowen","1987-07-11 04:54:39","2013-04-29 05:37:40",39,8),(100408,"Shelly","Allen","2004-05-18 06:53:52","2014-11-10 02:19:03",4,4),(100409,"Gary","Suarez","1999-02-15 15:57:04","2012-09-23 23:26:05",22,3);
INSERT INTO  Joueur  ( licence , nom_joueur , prenom_joueur , date_naissance , date_premiere_inscription , club_id , categorie_id ) VALUES (100410,"Germane","Larson","1981-07-10 16:27:35","2014-11-17 17:37:08",22,5),(100411,"Victor","Steele","1994-10-28 19:21:27","2015-01-27 07:07:01",24,2),(100412,"Maryam","Velasquez","1990-07-16 03:55:25","2014-07-31 07:19:06",46,8),(100413,"Kelsie","Chapman","1981-10-20 20:25:29","2014-04-15 17:34:16",33,3),(100414,"Claire","Harrison","2001-02-15 09:54:51","2012-05-28 02:24:22",2,8),(100415,"Kristen","Clemons","1956-01-31 08:09:22","2013-05-30 16:41:22",5,4),(100416,"Anthony","Pennington","1965-09-01 04:09:52","2012-03-26 03:48:21",20,1),(100417,"Silas","Bernard","1963-06-20 13:58:10","2012-12-15 14:46:58",18,7),(100418,"Maggie","Fisher","1967-03-27 03:15:04","2012-06-06 01:02:30",44,4),(100419,"Arden","Riddle","1987-07-30 03:21:52","2014-05-13 13:13:26",42,3);
INSERT INTO  Joueur  ( licence , nom_joueur , prenom_joueur , date_naissance , date_premiere_inscription , club_id , categorie_id ) VALUES (100420,"Xavier","Dickson","1992-09-13 00:06:46","2011-06-29 02:14:20",34,5),(100421,"Victoria","Lane","2007-08-07 00:32:46","2016-02-17 08:19:42",35,7),(100422,"Zoe","Hartman","1969-02-17 10:35:57","2012-12-17 16:18:10",12,2),(100423,"Garrett","Roy","1956-02-01 02:09:51","2014-10-21 00:25:53",17,4),(100424,"Jolene","Blanchard","1991-04-13 02:54:21","2015-07-07 08:21:36",45,2),(100425,"Giselle","Sosa","1985-01-10 22:20:15","2013-09-06 01:06:48",49,6),(100426,"Charissa","Welch","1996-09-24 02:57:27","2010-07-26 22:39:36",6,4),(100427,"Mona","Sanders","1990-12-05 17:33:48","2013-11-28 13:32:45",20,2),(100428,"Lacy","Mcclain","1986-06-02 12:54:46","2012-05-29 09:37:16",28,6),(100429,"Aristotle","Cannon","1985-12-11 14:31:30","2014-09-21 11:15:54",44,5);
INSERT INTO  Joueur  ( licence , nom_joueur , prenom_joueur , date_naissance , date_premiere_inscription , club_id , categorie_id ) VALUES (100430,"Stacey","Burton","1999-09-17 05:22:08","2010-05-23 20:21:24",9,1),(100431,"Ebony","Henry","1984-02-10 10:44:15","2013-04-06 03:30:39",21,3),(100432,"Logan","Jimenez","1980-05-14 00:42:12","2010-09-29 00:43:58",8,4),(100433,"Jolie","Cortez","1993-10-03 06:02:03","2014-04-03 22:12:45",47,2),(100434,"Bo","Gonzales","1962-11-29 05:36:48","2013-10-24 13:56:49",33,2),(100435,"Brandon","Conner","1950-03-31 10:58:06","2012-11-01 11:39:01",7,3),(100436,"Rooney","Robertson","1969-08-21 22:04:25","2011-02-05 20:28:01",32,1),(100437,"Indigo","King","1958-06-23 05:58:09","2015-02-16 03:16:22",48,8),(100438,"Giacomo","Clark","1974-11-14 06:43:33","2015-03-13 01:29:24",4,7),(100439,"Murphy","Gay","1952-11-07 05:54:50","2011-06-09 16:58:40",16,2);
INSERT INTO  Joueur  ( licence , nom_joueur , prenom_joueur , date_naissance , date_premiere_inscription , club_id , categorie_id ) VALUES (100440,"Lara","Finley","1999-06-25 04:44:57","2012-06-24 19:46:39",50,7),(100441,"Scarlet","Schmidt","1996-07-09 14:03:51","2011-12-27 03:15:35",18,1),(100442,"Carol","Tate","1964-05-09 21:41:29","2012-10-11 02:20:12",42,1),(100443,"Scott","Deleon","2008-03-09 12:47:12","2015-06-30 09:16:15",48,7),(100444,"Reagan","Joyner","1959-11-19 06:23:04","2011-05-03 07:49:06",5,6),(100445,"Signe","Graham","1974-02-26 23:06:12","2013-07-04 00:45:31",36,6),(100446,"Hollee","Clark","1992-06-08 08:45:42","2013-04-22 08:58:10",27,8),(100447,"Quintessa","Richardson","1990-04-13 20:48:08","2015-06-30 08:51:43",43,3),(100448,"Imani","Key","1996-12-14 04:18:16","2015-11-28 04:12:18",18,6),(100449,"Wilma","Tyler","1993-09-03 07:44:40","2010-01-02 09:25:34",5,5);
INSERT INTO  Joueur  ( licence , nom_joueur , prenom_joueur , date_naissance , date_premiere_inscription , club_id , categorie_id ) VALUES (100450,"Rogan","Taylor","1987-10-15 18:58:06","2011-09-01 05:31:15",16,1),(100451,"Erica","Lara","1959-08-22 09:29:58","2013-04-03 10:03:04",23,4),(100452,"Norman","Randall","1988-08-30 15:17:14","2015-06-19 01:51:43",1,8),(100453,"Hiram","Russell","1969-05-26 17:13:51","2010-12-26 08:04:05",7,1),(100454,"Linus","Mckenzie","1998-11-30 08:54:53","2011-11-24 10:25:05",12,6),(100455,"Dacey","Yates","1960-10-30 00:28:44","2010-05-07 08:41:25",47,6),(100456,"Priscilla","Fry","2008-06-03 22:33:55","2015-11-23 13:17:36",36,1),(100457,"Keely","Fowler","1952-12-31 16:01:04","2010-08-27 04:01:13",9,3),(100458,"Steel","Madden","1963-04-20 11:26:19","2014-04-03 18:19:46",48,5),(100459,"Brenna","Finch","1973-09-23 04:34:59","2014-04-02 08:07:49",38,6);
INSERT INTO  Joueur  ( licence , nom_joueur , prenom_joueur , date_naissance , date_premiere_inscription , club_id , categorie_id ) VALUES (100460,"Hyacinth","Wolf","1998-12-22 07:25:29","2015-07-04 11:05:47",40,6),(100461,"Serina","Cervantes","1963-07-05 00:34:20","2014-07-28 17:54:53",40,1),(100462,"Wallace","Britt","2004-03-08 12:06:46","2016-02-19 09:45:07",13,7),(100463,"Rebekah","Jenkins","1969-11-29 16:37:08","2014-09-01 19:43:21",24,3),(100464,"Mona","Fernandez","1959-05-03 12:16:09","2012-08-15 20:15:11",12,1),(100465,"Maggie","Mckinney","1993-10-23 20:11:36","2012-08-10 12:35:37",24,6),(100466,"Jacqueline","Gilbert","1966-08-08 12:29:58","2015-07-11 08:34:52",34,4),(100467,"Herrod","Potter","1970-11-25 04:39:39","2014-12-03 19:39:17",32,3),(100468,"Dai","Rodriguez","2005-07-21 19:22:32","2015-10-05 23:58:30",20,4),(100469,"Rogan","Bowman","1996-10-27 08:18:37","2014-08-29 07:54:50",47,2);
INSERT INTO  Joueur  ( licence , nom_joueur , prenom_joueur , date_naissance , date_premiere_inscription , club_id , categorie_id ) VALUES (100470,"Gabriel","Horn","2000-08-01 12:35:52","2011-02-01 01:24:07",33,8),(100471,"Gail","Shepherd","1956-12-29 08:42:13","2013-12-08 13:33:57",12,7),(100472,"Levi","Ayers","2009-09-10 13:33:32","2013-05-22 00:36:57",22,3),(100473,"Pearl","Wyatt","2000-09-23 13:37:18","2011-08-11 14:47:46",31,2),(100474,"Teagan","Foreman","1987-12-07 19:26:18","2013-03-27 10:06:51",42,8),(100475,"Mannix","Compton","1973-07-23 20:17:06","2012-05-05 23:44:28",48,1),(100476,"Inez","Sandoval","1973-04-01 20:49:25","2010-09-06 01:56:13",47,3),(100477,"Dustin","Vega","2002-06-11 04:16:49","2010-09-17 05:17:14",39,2),(100478,"Belle","Murphy","1982-08-02 09:48:26","2015-08-06 15:37:09",41,3),(100479,"Adam","Cleveland","1953-11-24 19:51:20","2010-03-30 05:48:31",50,1);
INSERT INTO  Joueur  ( licence , nom_joueur , prenom_joueur , date_naissance , date_premiere_inscription , club_id , categorie_id ) VALUES (100480,"Lars","Blake","1994-08-22 10:06:42","2013-10-03 13:38:39",32,8),(100481,"Kimberley","Ball","2004-08-17 10:19:40","2014-10-04 22:08:40",42,1),(100482,"Hunter","Baxter","1991-01-08 03:30:20","2010-02-15 01:44:05",19,7),(100483,"Kermit","Mcdonald","1987-09-27 20:28:06","2012-05-20 13:43:18",17,1),(100484,"Uriah","Brennan","1999-01-22 05:24:26","2011-09-20 04:34:32",21,5),(100485,"TaShya","Bridges","1987-10-01 16:25:42","2015-10-01 03:34:28",40,6),(100486,"Winter","Reyes","1991-11-25 15:44:47","2010-08-06 00:20:29",4,3),(100487,"Zena","Castillo","1953-06-21 23:51:45","2014-01-04 19:21:40",38,1),(100488,"Lamar","Webster","1995-02-18 10:03:40","2015-07-05 15:58:38",19,6),(100489,"Addison","Garrison","1967-12-09 13:27:07","2012-04-06 00:43:46",50,6);
INSERT INTO  Joueur  ( licence , nom_joueur , prenom_joueur , date_naissance , date_premiere_inscription , club_id , categorie_id ) VALUES (100490,"Colorado","Rasmussen","1989-04-30 13:49:54","2013-05-26 21:16:34",32,7),(100491,"Bell","Franco","1950-03-10 16:17:33","2012-11-11 10:26:25",47,8),(100492,"Briar","Clayton","1952-04-19 06:19:49","2014-04-11 21:30:54",30,6),(100493,"Vladimir","Massey","2007-11-21 08:24:45","2010-10-11 12:17:15",32,6),(100494,"Amethyst","Hendricks","1995-06-08 05:37:10","2011-08-23 19:39:28",47,3),(100495,"Jerome","Ramos","1992-08-27 15:03:10","2015-04-20 08:00:01",47,6),(100496,"Bruno","Ware","1996-06-27 01:12:01","2010-09-08 13:37:11",4,4),(100497,"Timothy","Mercer","1996-07-31 22:09:11","2011-10-29 04:17:49",39,6),(100498,"Madonna","Griffin","1984-06-29 14:15:59","2012-03-28 06:27:30",35,4),(100499,"Lynn","Fisher","1970-11-04 09:36:08","2012-11-26 07:11:35",42,8);

#PROC POUR CATEGORIE
CREATE PROCEDURE categorie_joueur()
BEGIN
	
	DECLARE dateNaiss DATETIME;
	
	SELECT date_naissance INTO dateNaiss
	FROM Joueur;
	
	CASE 
		WHEN year(dateNaiss) <= (SELECT year(NOW())-40) #né il y a plus de 40ans
		THEN UPDATE Joueur SET categorie_id = 8;
		
		WHEN year(dateNaiss) <= (SELECT year(NOW())-20) and  year(dateNaiss) > (SELECT year(NOW())-40) #né il y a plus de 20ans mais moins de 40ans
		THEN UPDATE Joueur SET categorie_id = 7;
		
		WHEN year(dateNaiss) <= (SELECT year(NOW())-18) and  year(dateNaiss) > (SELECT year(NOW())-20) #né il y a plus de 18ans mais moins de 20ans
		THEN UPDATE Joueur SET categorie_id = 6;
		
		WHEN year(dateNaiss) <= (SELECT year(NOW())-16) and  year(dateNaiss) > (SELECT year(NOW())-18) #né il y a plus de 16ans mais moins de 18ans
		THEN UPDATE Joueur SET categorie_id = 5;
		
		WHEN year(dateNaiss) <= (SELECT year(NOW())-14) and  year(dateNaiss) > (SELECT year(NOW())-16) #né il y a plus de 14ans mais moins de 16ans
		THEN UPDATE Joueur SET categorie_id = 4;
		
		WHEN year(dateNaiss) <= (SELECT year(NOW())-12) and  year(dateNaiss) > (SELECT year(NOW())-14) #né il y a plus de 12ans mais moins de 14ans
		THEN UPDATE Joueur SET categorie_id = 3;
		
		WHEN year(dateNaiss) <= (SELECT year(NOW())-10) and  year(dateNaiss) > (SELECT year(NOW())-12) #né il y a plus de 10ans mais moins de 12ans
		THEN UPDATE Joueur SET categorie_id = 2;
		
		WHEN year(dateNaiss) > (SELECT year(NOW())-10) #né il y a moins de 10ans
		THEN UPDATE Joueur SET categorie_id = 1;
		
		ELSE
			BEGIN
			END;

	END CASE;
END//

#AUTRE VERSION
UPDATE Joueur SET categorie_id = 8
WHERE year(date_naissance) <= (SELECT year(NOW())-40)

UPDATE Joueur SET categorie_id = 7
WHERE year(date_naissance) <= (SELECT year(NOW())-20) and  year(date_naissance) > (SELECT year(NOW())-40)

UPDATE Joueur SET categorie_id = 6
WHERE year(date_naissance) <= (SELECT year(NOW())-18) and  year(date_naissance) > (SELECT year(NOW())-20)

UPDATE Joueur SET categorie_id = 5
WHERE year(date_naissance) <= (SELECT year(NOW())-16) and  year(date_naissance) > (SELECT year(NOW())-18)

UPDATE Joueur SET categorie_id = 4
WHERE year(date_naissance) <= (SELECT year(NOW())-14) and  year(date_naissance) > (SELECT year(NOW())-16)

UPDATE Joueur SET categorie_id = 3
WHERE year(date_naissance) <= (SELECT year(NOW())-12) and  year(date_naissance) > (SELECT year(NOW())-14)

UPDATE Joueur SET categorie_id = 2
WHERE year(date_naissance) <= (SELECT year(NOW())-10) and  year(date_naissance) > (SELECT year(NOW())-12)

UPDATE Joueur SET categorie_id = 1
WHERE year(date_naissance) > (SELECT year(NOW())-10)
